{
  "accuracy": 0.8058361391694725,
  "precision": 0.7552870090634441,
  "recall": 0.7309941520467836,
  "f1_score": 0.7429420505200595,
  "roc_auc": 0.8617555576859574,
  "cv_mean": 0.797991337643588,
  "cv_std": 0.015321099589546363,
  "timestamp": "20260228_162348",
  "modelo": "Regresi\u00f3n Log\u00edstica",
  "features": [
    "Pclass",
    "Sex",
    "Age",
    "SibSp",
    "Parch",
    "Fare",
    "Embarked",
    "Has_Cabin",
    "FamilySize",
    "IsAlone"
  ]
}